Importing data from .mailmap, .organizationmap files
Number of profiles present in database: 106173
Alessandro Simovic <alessandro@yuneecresearch.com> alessandro <alessandro@yuneecresearch.com>
Alessandro Simovic <alessandro@yuneecresearch.com> alessandro <3762382+potaito@users.noreply.github.com>
Alessandro Simovic <alessandro@yuneecresearch.com> alessandro <potaito@users.noreply.github.com>
Alexandr Kondratev <theg4sh@gmail.com> <theg4sh@gmail.com>
Amir Melzer <amir.melzer@mavt.ethz.ch> <amir.melzer@mavt.ethz.ch>
Anthony Lamping <lamping.ap@gmail.com> <lamping.ap@gmail.com>
Beat Küng <beat@auterion.com> <beat-kueng@gmx.net> <beat-kueng@gmx.net>
Carl Olsson <carl.olsson@wingtra.com> <carlolsson.co@gmail.com> <carlolsson.co@gmail.com>
Daniel Agar <daniel@agar.ca> <daniel@agar.ca>
Daniele Pettenuzzo <daniele@px4.io> Daniele Pettenuzzo <dani.pettenuzzo@gmail.com>
Daniele Pettenuzzo <daniele@px4.io> DanielePettenuzzo <35664507+DanielePettenuzzo@users.noreply.github.com>
Daniele Pettenuzzo <daniele@px4.io> Daniele Pettenuzzo <35664507+DanielePettenuzzo@users.noreply.github.com>
Daniele Pettenuzzo <daniele@px4.io> Daniele Pettenuzzo <DanielePettenuzzo@users.noreply.github.com>
Daniele Pettenuzzo <daniele@px4.io> DanielePettenuzzo <daniele@px4.io>
Daniele Pettenuzzo <daniele@px4.io> Daniele Pettenuzzo <daniele@auterion.com>
David Riseborough <drisebor@hotmail.com>
David Sidrane <david_s5@nscdg.com> David Sidrane <David.Sidrane@NscDg.com>
David Sidrane <david_s5@nscdg.com> David Sidrane <David.Sidrane@Nscdg.com>
Dennis Mannhart <dennis@yuneecresearch.com> Dennis Mannhart <dennis.mannhart@gmail.com>
Dennis Mannhart <dennis@yuneecresearch.com> Dennis Mannhart <dennis@px4.io>
Dennis Mannhart <dennis@yuneecresearch.com> Stifael <dennis@yuneecresearch.com>
Elia Tarasov <elias.tarasov@gmail.com>
Florian Achermann <florian.achermann@mavt.ethz.ch>
Hamish Willee <hamishwillee@gmail.com>
Ivo Drescher <ivo.drescher@gmail.com>
Jake Dahl <jacob.dahl@tealdrones.com>
Johannes Brand <johannes@auterion.com>
Joshua Whitehead <josh.whitehead@dornerworks.com>
Julian Oes <julian@oes.ch> Julian Oes <joes@student.ethz.ch>
Julien Lecoeur <julien.lecoeur@gmail.com>
Julien Lecoeur <julien.lecoeur@gmail.com> Julien Lecoeur <jlecoeur@users.noreply.github.com>
Julien Lecoeur <julien.lecoeur@gmail.com> Julien Lecoeur <julien.lecoeur@epfl.ch>
Jun-Tao <jt.li@yuneec.com>
Karl Schwabe <ksschwabe@gmail.com>
Lorenz Meier <lorenz@px4.io> Lorenz Meier <lm@inf.ethz.ch>
Matthias Grob <maetugr@gmail.com>
Martin Trgina <martin.trgina@belladati.com>
Martina Rivizzigno <martina@auterion.com> Martina Rivizzigno <martina@rivizzigno.it>
Martina Rivizzigno <martina@auterion.com> Martina <martina@rivizzigno.it>
Mateusz Sadowski <msadowski90@gmail.com>
Mohammed Kabir <kabir@uasys.io>
Mohammed Kabir <kabir@uasys.io> Kabir Mohammed <mhkabir98@gmail.com>
Mohammed Kabir <kabir@uasys.io> Mohammed Kabir <mhkabir@mit.edu>
Oleg Kalachev <okalachev@gmail.com>
PX4 Bots <bot@px4.io>
PX4 Bots <bot@px4.io> PX4 Build Bot <bot@px4.io>
PX4 Bots <bot@px4.io> PX4 Build Bot <bot@pixhawk.org>
PX4 Bots <bot@px4.io> PX4 Jenkins <bot@pixhawk.org>
PX4 Bots <bot@px4.io> PX4BuildBot <bot@pixhawk.org>
PX4 Bots <bot@px4.io> PX4BuildBot <bot@px4.io>
PX4 Bots <bot@px4.io> PX4BuildBot <bot@px4.io>
Paul Riseborough <p_riseborough@live.com.au>
Paul Riseborough <p_riseborough@live.com.au> Paul Riseborough <priseborough@users.noreply.github.com>
Philipp Oettershagen <philipp.oettershagen@mavt.ethz.ch>
Phillip Kocmoud <phil@itchy.io>
Roman Bapst <roman@px4.io> Roman Bapst <bapstroman@gmail.com>
Roman Bapst <roman@px4.io> Roman Bapst <romanbapst@yahoo.de>
Roman Bapst <roman@px4.io> Roman Bapst <bapstr@ethz.ch>
Roman Bapst <roman@px4.io> tumbili <roman@px4.io>
Roman Bapst <roman@px4.io> Roman <romanbapst@gmail.com>
Roman Bapst <roman@px4.io> Roman <bapstroman@gmail.com>
Roman Bapst <roman@px4.io> Roman <romanbapst@gmail.com>
Roman Bapst <roman@px4.io> Roman <bapstr@ethz.ch>
Roman Bapst <roman@px4.io> tumbili <bapstr@ethz.ch>
Roman Bapst <roman@px4.io> RomanBapst <bapstroman@gmail.com>
Sander Smeets <sander@droneslab.com>
Simone Guscetti <simone@yuneecresearch.com> Simone Guscetti <simone@px4.io>
Simone Guscetti <simone@yuneecresearch.com> Simone Guscetti <simone@yuneecresearch.com>
Simone Guscetti <simone@yuneecresearch.com> Simone Guscetti <simonegu@student.ethz.ch>
Simone Guscetti <simone@yuneecresearch.com> Simone Guscetti <simonegu@users.noreply.github.com>
Sugnan Prabhu <sugnan.prabhu.s@intel.com>
Nuno Marques <n.marques21@hotmail.com>
Thomas Stastny <thomas.stastny@mavt.ethz.ch>
Alex Klimaj <alex.klimaj@tealdrones.com>
Alex Klimaj <alex.klimaj@tealdrones.com> AlexKlimaj <alexklimaj@gmail.com>
Barza Nisar <nisarb@student.ethz.ch> barzanisar <nisarb@student.ethz.ch>
Mark Sauder <mcsauder@gmail.com> mcsauder <mcsauder@greypointcorp.com>
Mark Sauder <mcsauder@gmail.com> mcsauder <mcsauder@gmail.com>
SungTae Moon <munhoney@gmail.com> stmoon <munhoney@gmail.com>
Mathieu Bresciani <brescianimathieu@gmail.com>
Nick Anthony <nickmanthony@hotmail.com>
Nick Anthony <nickexists@hotmail.com>
Nick Anthony <nickexists@hotmail.com> Nick Anthony <nanthony@brewerscience.com>
Nick Anthony <nickexists@hotmail.com> nanthony21 <nickexists@hotmail.com>
Nathan Tsoi <nathan@vertile.com>
Ritul Jasuja <ritul.jasuja@intel.com> ritul jasuja <ritul.jasuja@intel.com>
Avinash Reddy Palleti <avinash.reddy.palleti@intel.com> avinash-palleti <avinash.reddy.palleti@intel.com>
Otávio Pontes <otavio.pontes@intel.com> Otávio <otavio.pontes@intel.com>
Gustavo Jose de Sousa <gustavo.sousa@intel.com> Gustavo Jose de Sousa <gustavo.sousa@intel.com>
Jim Wilson <jwilson@qti.qualcomm.com> jwilson <jwilson@qti.qualcomm.com>
bharathr <bharathr@qti.qualcomm.com> bharathr <bharathr@qti.qualcomm.com>
Greg Nutt <gnutt@nuttx.org> patacongo <patacongo@7fd9a85b-ad96-42d3-883c-3090e2eb8679>
Greg Nutt <gnutt@nuttx.org> patacongo <patacongo@42af7a65-404d-4744-a932-0658087f49c3>
Andreas Antener <antener_a@gmx.ch> Andreas Daniel Antener <antener_a@gmx.ch>
Andrew Tridgell <andrew@tridgell.net> Andrew Tridgell <tridge@samba.org>
Christoph Tobler <christoph@yuneecresearch.com> ChristophTobler <christoph@yuneecresearch.com>
Christoph Tobler <christoph@yuneecresearch.com> ChristophTobler <ChristophTobler@users.noreply.github.com>
Christoph Tobler <christoph@yuneecresearch.com> ChristophTobler <christoph@px4.io>
Christoph Tobler <christoph@yuneecresearch.com> ChristophTobler <christoph.tob@gmail.com>
Nicolas de Palezieux <ndepal@gmail.com>
Nicolas de Palezieux <ndepal@gmail.com> Nicolas de Palezieux <ndepal@users.noreply.github.com>
Nicolas de Palezieux <ndepal@gmail.com> Nicolas de Palezieux <nicolas@bbot.house>
David Royer <dave@aerotenna.com>
Ramón Roche <mrpollo@gmail.com>
Keenan Johnson <keenan.johnson@gmail.com>
Friedrich Beckmann <friedrich.beckmann@gmx.de>
Bart Slinger <bartslinger@gmail.com> <bartslinger@users.noreply.github.com>
Don Gagne <don@thegagnes.com> Don Gagne <DonLakeFlyer@users.noreply.github.com>
Don Gagne <don@thegagnes.com> DonLakeFlyer <don@thegagnes.com>
Don Gagne <don@thegagnes.com> DonLakeFlyer <dongagne@outlook.com>
Don Gagne <don@thegagnes.com> Don Gagne <dongagne@outlook.com>
Don Gagne <don@thegagnes.com> Don Gagne <Don@don-laptop.local>
Anton Babushkin <anton.babushkin@me.com>
Todd Colten <todd@antiheavy.com> Antiheavy <todd@antiheavy.com>
Anna Dai <anna@auterion.com> AnnaDaiZH <32288802+AnnaDaiZH@users.noreply.github.com>
Angel Romero <angel.romero@wingtra.com> Angel <angel.romero@wingtra.com>
Arkadiusz Niemiec <arkadiusz.niemiec@neurosoft.pl> Arkadiusz Niemiec <niemiecarkadiusz@gmail.com>
Arkadiusz Niemiec <arkadiusz.niemiec@neurosoft.pl> ArkadiuszNiemiec <niemiecarkadiusz@gmail.com>
Bastien Auneau <b.auneau@terremys.fr> bastien <bastien.auneau@while-true.fr>
Tanja Baumann <tanja@auterion.com> baumanta <baumanta@student.ethz.ch>
Tanja Baumann <tanja@auterion.com> baumanta <tanja@auterion.com>
bazooka joe <bazookajoe1900@gmail.com> BazookaJoe1900 <BazookaJoe1900@gmail.com>
Bharat Tak <bharat.tak@wingtra.com> Bharat Tak <bharat.tak8@gmail.com>
Bharat Tak <bharat.tak@wingtra.com> devbharat <bharat.tak8@gmail.com>
Burak Saruhan <h.buraksaruhan@gmail.com> Burak Han <44507545+bozkurthan@users.noreply.github.com>
Christian Clauss <cclauss@me.com> cclauss <cclauss@me.com>
David Walter <dave@flightwave.aero> dlwalter <dlwalter@gmail.com>
David Walter <dave@flightwave.aero> dlwalter <dlwalter@protonmail.com>
Dusan Zivkovic <dusanmg@gmail.com> dusan19 <35773661+dusan19@users.noreply.github.com>
Andrey Dvornikov <dvornikov-aa@yandex.ru> dvornikov-aa <36663802+dvornikov-aa@users.noreply.github.com>
Andrey Dvornikov <dvornikov-aa@yandex.ru> dvornikov-aa <dvornikov-aa@yandex.ru>
Ildar Sadykov <sadykov@arrival.com> Ildar Sadykov <irsdkv@gmail.com>
Jake Dahl <jacob.dahl@tealdrones.com> Jake Dahl <dahl.jakejacob@gmail.com>
Jake Dahl <jacob.dahl@tealdrones.com> Jacob Dahl <37091262+dakejahl@users.noreply.github.com>
Jaeyoung Lim <jaeyoung@auterion.com> Jaeyoung-Lim <jaeyoung@auterion.com>
Jaeyoung Lim <jaeyoung@auterion.com> Jaeyoung-Lim <jalim@student.ethz.ch>
Jaeyoung Lim <jaeyoung@auterion.com> JaeyoungLim <jalim@student.ethz.ch>
Jaeyoung Lim <jaeyoung@auterion.com> JaeyoungLim <gokoreas@gmail.com>
Jaeyoung Lim <jaeyoung@auterion.com> JaeyoungLim <jaeyoung@auterion.com>
Jannik Beyerstedt <jannik-nxp@beyerstedt.de> Jannik Beyerstedt <code@jannikbeyerstedt.de>
Jannik Beyerstedt <jannik-nxp@beyerstedt.de> Jannik Beyerstedt <beyerstedt@consider-it.de>
Julian Kent <julian@auterion.com> Julian Kent <jkflying@gmail.com>
Julian Oes <julian.oes@auterion.com> Julian Oes <julian@oes.ch>
Julian Oes <julian.oes@auterion.com> Julian <julian@oes.ch>
Kamil Ritz <kamil@auterion.com> kamilritz <kritz@ethz.ch>
Kamil Ritz <kamil@auterion.com> kritz <kritz@ethz.ch>
Kamil Ritz <kamil@auterion.com> Kamil Ritz <kritz@ethz.ch>
Matej Frančeškin <Matej@auterion.com> Matej Frančeškin <Matej.Franceskin@gmail.com>
Nick Steele <nicholas.steele@nearearth.aero> Nick <nsteele@users.noreply.github.com>
Nico van Duijn <nico@auterion.com> Nico van Duijn <nicovanduijn@users.noreply.github.com>
xdwgood <1308455330@qq.com> Pandacoolcool <1308455330@qq.com>
Silvan Fuhrer <silvan@auterion.com> sfuhrer <silvan@auterion.com>
Angel <roaguiangel@gmail.com> roangel <roaguiangel@gmail.com>
Timothy Scott <timothy@auterion.com> Timothy Scott <timjimski@gmail.com>
Romain Chiap <romain.chiap@gmail.com> romain-chiap <romain.chiap@gmail.com>
Romain Chiap <romain.chiap@gmail.com> romain <romain.chiap@gmail.com>
Dino Mani <dino@auterion.com> dinomani <51319681+dinomani@users.noreply.github.com>
Amilcar Lucas <amilcar.lucas@iav.de> Dr.-Ing. Amilcar do Carmo Lucas
WARNING: line 'Amilcar Lucas <amilcar.lucas@iav.de> Dr.-Ing. Amilcar do Carmo Lucas' ending on username, missing email(s)
Gus Grubba <gus@auterion.com> Gus Grubba <mavlink@grubba.com>
Todd Stellanova <tstellanova@users.noreply.github.com> tstellanova <tstellanova@users.noreply.github.com>
Robert Clarke <robert.clarke@bristol.ac.uk> Rob Clarke <robert.clarke@bristol.ac.uk>
Shusil Shapkota <shusilshapkota@gmail.com> Shusil <shusilshapkota@gmail.com>
Omar Shrit <shrit@lri.fr> shrit <shrit@outlook.com>
Angelo Emanuele Fiorilla <ae.fiorilla@gmail.com> Angelo Emanuele Fiorilla <36400622+elbarto1980@users.noreply.github.com>
Angelo Emanuele Fiorilla <ae.fiorilla@gmail.com> emanuele <ae.fiorilla@gmail.com>
Douglas Silva <silvadouglasw@gmail.com> douglaswsilva <silvadouglasw@gmail.com>
Bogdan Grigoruta <bogdan.grigoruta@gmail.com> Boco <bogdan.grigoruta@gmail.com>
Ryan Hurst <ryanhurst1@hotmail.com> Ryan Hurst <ryan.hurst@tealdrones.com>
Kalyan Sriram <coder.kalyan@gmail.com> Kalyan S <coder.kalyan@gmail.com>
Stefan Dunca <stefan@auterion.com> Stefan Dunca <47554641+stefandunca@users.noreply.github.com>
Pierre-Louis TILAK <pierre.tilak@aeronavics.com> Pierre TILAK <pierre.tilak@aeronavics.com>
Pedro Roque <padr@kth.se> pedro-roque <padr@kth.se>
Travis Bottalico <travis@modalai.com> modaltb <50114502+modaltb@users.noreply.github.com>
Kyle Mckinney <kyle.mckinney@sentera.com> Kjkinney <kmacgoalie@gmail.com>
Dennis Millard <dennis.millard@tealdrones.com> Dennis Millard <49655137+dmillard-TD@users.noreply.github.com>
Marcel-Titus MARGINEAN <mtm@mezonix.com> mtm-oss <47859285+mtm-oss@users.noreply.github.com>
Thomas Rigi <thomas@rigi.tech> ThomasRigi <48206725+ThomasRigi@users.noreply.github.com>
Ilya Petrov <ipetrov@byte-1c.ru> Ilya Petrov <38784273+copterspace@users.noreply.github.com>
Farshad Ghanei <farshadg@buffalo.edu> fghanei <farshadg@buffalo.edu>
Cai Jie <caijie@cuav.net> CUAVcaijie <caijie@cuav.net>
Carlotta Greco <carlotta@auterion.com> CarlottaGreco <47113111+CarlottaGreco@users.noreply.github.com>
Oliver Waldmann <waldmanns@gmx.de> olliw42 <6089567+olliw42@users.noreply.github.com>
Oliver Waldmann <waldmanns@gmx.de> olliw42 <waldmanns@gmx.de>
Chris Rizzitello <rizzitello@kde.org> Chris Rizzitello <sithlord48@gmail.com>
Sergey Zobov <sergey@szobov.ru> Sergei Zobov <sergey@szobov.ru>
Jonathan Zaturensky <jonathan@airmap.com> Jonathan Zaturensky <jzaturensky@users.noreply.github.com>
Michal Podhradsky <mpodhradsky@galois.com> Michal Podhradsky <michal.podhradsky@aggiemail.usu.edu>
Names => Emails:
map[]
Emails => Names:
map[]
